file,key_count,classes,status,has_credentials_block
"a_solutions/aa-sui_code-server/src/secrets.yaml","2","CODE_SERVER_PASSWORD:token,sudo_password:token","OK","true"
"a_solutions/aa-sui_google-workspace-mcp/src/secrets.yaml","1","GOOGLE_SERVICE_ACCOUNT_KEY:multi","OK","true"
"a_solutions/aa-sui_mail-mcp/src/secrets.yaml","10","MADDY_ME_PASSWORD:token,MADDY_ME_USER:other,MAIL_PASSWORD:token,MAIL_USER:other,RESEND_API_KEY:token,STALWART_ADMIN_PASSWORD:token,STALWART_ADMIN_URL:url,STALWART_ADMIN_USER:other,STALWART_ME_PASSWORD:token,STALWART_ME_USER:other","OK","true"
"a_solutions/aa-sui_mattermost-bots/src/secrets.yaml","8","AUTHELIA_OIDC_MATTERMOST_SECRET:token,BEARER_TOKEN:token,MM_ADMIN_EMAIL:other,MM_ADMIN_PASSWORD:other,MM_ADMIN_USERNAME:other,MM_CLAUDE_PASSWORD:other,MM_SQLSETTINGS_DATASOURCE:token,POSTGRES_PASSWORD:token","OK","true"
"a_solutions/aa-sui_mattermost-mcp/src/secrets.yaml","5","CLAUDE_MODEL:other,MM_ADMIN_USERNAME:other,MM_CLAUDE_PASSWORD:other,MM_TEAM_ID:token,MM_URL:url","OK","true"
"a_solutions/aa-sui_photoprism/src/secrets.yaml","10","MARIADB_DATABASE:other,MARIADB_PASSWORD:other,MARIADB_ROOT_PASSWORD:other,MARIADB_USER:other,OCI_S3_ACCESS_KEY:token,OCI_S3_SECRET_KEY:token,PHOTOPRISM_ADMIN_PASSWORD:other,PHOTOPRISM_DATABASE_NAME:other,PHOTOPRISM_DATABASE_PASSWORD:other,PHOTOPRISM_DATABASE_USER:other","OK","true"
"a_solutions/aa-sui_radicale/src/secrets.yaml","1","RADICALE_USERS:token","OK","true"
"a_solutions/aa-sui_snappymail/src/secrets.yaml","1","SNAPPYMAIL_ADMIN_PASSWORD:hash","OK","true"
"a_solutions/aa-sui_tools-maddy/src/secrets.yaml","7","AWS_RELAYPASSWORD:token,AWS_RELAYUSER:other,DKIM_PRIVATE_KEY_B64:token,ME_PASSWORD:token,NOREPLY_PASSWORD:other,OCI_RELAYPASSWORD:other,OCI_RELAYUSER:token","OK","true"
"a_solutions/aa-sui_tools-smtp-proxy/src/secrets.yaml","4","API_KEY:other,LISTEN_PORT:other,SMTP_HOST:other,SMTP_PORT:other","OK","true"
"a_solutions/aa-sui_tools-stalwart/src/secrets.yaml","4","ADMIN_PASSWORD:token,DKIM_PRIVATE_KEY_B64:token,ME_PASSWORD:token,NOREPLY_PASSWORD:other","OK","true"
"a_solutions/ab-mic_vaultwarden/src/secrets.yaml","7","ADMIN_TOKEN:hash,SMTP_FROM:token,SMTP_HOST:other,SMTP_PASSWORD:other,SMTP_PORT:other,SMTP_SECURITY:other,SMTP_USERNAME:token","OK","true"
"a_solutions/ac-fin_crawlee-cloud/src/secrets.yaml","9","ADMIN_EMAIL:other,ADMIN_PASSWORD:other,JWT_SECRET:token,MINIO_PASSWORD:other,MINIO_USER:other,POSTGRES_DB:other,POSTGRES_PASSWORD:other,POSTGRES_USER:other,RUNNER_TOKEN:other","OK","true"
"a_solutions/ad-agi_rig-agentic-hai-1.5bq4/src/secrets.yaml","1","MM_BOT_TOKEN:token","OK","true"
"a_solutions/ad-agi_rig-agentic-sonn-14bq8/src/secrets.yaml","3","MM_BOT_TOKEN:token,SURREAL_ROOT_PASSWORD:token,SURREAL_URL:url","OK","true"
"a_solutions/bb-sec_authelia/src/secrets.yaml","23","AUTHELIA_JWT_SECRET:token,AUTHELIA_OIDC_CLIENT_C3_MCP_SECRET:hash,AUTHELIA_OIDC_CLIENT_CLAUDE_HAIKU_SECRET:hash,AUTHELIA_OIDC_CLIENT_CLAUDE_OPUS_SECRET:hash,AUTHELIA_OIDC_CLIENT_CLAUDE_SECRET:hash,AUTHELIA_OIDC_CLIENT_CLAUDE_SONNET_SECRET:hash,AUTHELIA_OIDC_CLIENT_CLI_SECRET:hash,AUTHELIA_OIDC_CLIENT_CLOUDFLARE_SECRET:hash,AUTHELIA_OIDC_CLIENT_CLOUD_ADMIN_SECRET:hash,AUTHELIA_OIDC_CLIENT_DAGU_CC_SECRET:hash,AUTHELIA_OIDC_CLIENT_DAGU_SECRET:hash,AUTHELIA_OIDC_CLIENT_MATTERMOST_CC_SECRET:hash,AUTHELIA_OIDC_CLIENT_MATTERMOST_SECRET:hash,AUTHELIA_OIDC_CLIENT_MONITORING_SECRET:hash,AUTHELIA_OIDC_CLIENT_NOCODB_SECRET:hash,AUTHELIA_OIDC_CLIENT_NPM_SECRET:hash,AUTHELIA_OIDC_HMAC_SECRET:token,AUTHELIA_OIDC_JWKS_KEY:multi,AUTHELIA_REDIS_PASSWORD:token,AUTHELIA_SESSION_SECRET:token,AUTHELIA_SMTP_PASSWORD:other,AUTHELIA_STORAGE_ENCRYPTION_KEY:token,AUTHELIA_USER_DIEGO_HASH:hash","OK","true"
"a_solutions/bb-sec_caddy/src/secrets.yaml","3","AUTHELIA_CLI_SECRET:token,CF_API_TOKEN:token,NTFY_ADMIN_AUTH:token","OK","true"
"a_solutions/bc-obs_c3-infra-api/src/secrets.yaml","8","AUTHELIA_OIDC_C3_MCP_SECRET:token,C3_API_KEY:token,CF_API_EMAIL:other,CF_API_KEY:token,DAGU_PASSWORD:token,DAGU_USERNAME:other,MM_BOT_TOKEN:token,RESEND_API_KEY:token","OK","true"
"a_solutions/bc-obs_c3-infra-mcp/src/secrets.yaml","9","AUTHELIA_OIDC_C3_MCP_SECRET:token,C3_API_KEY:token,CF_API_EMAIL:other,CF_API_KEY:token,DAGU_PASSWORD:token,DAGU_USERNAME:other,MM_BOT_TOKEN:token,NOREPLY_PASSWORD:other,RESEND_API_KEY:token","OK","true"
"a_solutions/bc-obs_c3-services-mcp/src/secrets.yaml","2","DAGU_BASIC_AUTH:token,GITHUB_TOKEN:token","OK","true"
"a_solutions/bc-obs_dagu/src/secrets.yaml","2","DAGU_ADMIN_PASSWORD:token,DAGU_ADMIN_USERNAME:other","OK","true"
"a_solutions/bc-obs_dbgate/src/secrets.yaml","6","PASSWORD_crawlee_cloud:other,PASSWORD_etherpad:other,PASSWORD_hedgedoc:other,PASSWORD_mattermost_bots:token,PASSWORD_quant_lab_light:other,PASSWORD_umami:token","OK","true"
"a_solutions/bc-obs_lgtm/src/secrets.yaml","2","GF_SECURITY_ADMIN_PASSWORD:other,GF_SECURITY_ADMIN_USER:other","OK","true"
"a_solutions/bc-obs_matomo/src/secrets.yaml","4","MATOMO_DB_NAME:other,MATOMO_DB_PASSWORD:other,MATOMO_DB_USER:other,MYSQL_ROOT_PASSWORD:other","OK","true"
"a_solutions/bc-obs_ntfy/src/secrets.yaml","2","NTFY_ADMIN_PASSWORD:other,NTFY_USER_PASSWORD:other","OK","true"
"a_solutions/bc-obs_umami/src/secrets.yaml","4","ADMIN_PASSWORD:other,ADMIN_USERNAME:other,APP_SECRET:token,DB_PASSWORD:token","OK","true"
"a_solutions/ca-dat_backup-borg/src/secrets.yaml","3","ARCHIVE_NAME:other,BORG_PASSPHRASE:token,SOURCE_DIRS:other","OK","true"
"a_solutions/ca-dat_backup-bup/src/secrets.yaml","9","MYSQL_DBS:other,MYSQL_HOST:other,MYSQL_PASSWORD:token,MYSQL_USER:other,PGHOST:other,PGPASSWORD:other,PGUSER:other,POSTGRES_DBS:other,SQLITE_DBS:other","OK","true"
"a_solutions/ca-dat_db-agent/src/secrets.yaml","4","BUP_REMOTE:empty,NTFY_TOPIC:other,NTFY_URL:url,VM_NAME:other","OK","true"
"a_solutions/ca-dat_gitea/src/secrets.yaml","3","GITEA_ADMIN_EMAIL:other,GITEA_ADMIN_PASSWORD:other,GITEA_ADMIN_USER:other","OK","true"
"a_solutions/ca-dat_kg-graph/src/secrets.yaml","1","SURREAL_ROOT_PASSWORD:token","OK","true"
"a_solutions/ca-dat_redis/src/secrets.yaml","1","REDIS_PASSWORD:token","OK","true"
"b_infra/home-manager/nixhm-sudo-gcp-proxy/src/secrets.yaml","13","CLAUDE_WEBSERVER_PUB:other,GCP_COMPUTE_ENGINE:multi,GCP_COMPUTE_ENGINE_PUB:other,ID_ED25519:multi,MATOMO_SERVER_PUB:other,SURFACE_DEPLOY_PUB:other,SURFACE_NIXOS_PUB:other,VAULT_ID_RSA:multi,VAULT_ID_RSA_PUB:other,WG_PRIVATE_KEY_GCP_PROXY:token,WG_PRIVATE_KEY_OCI_ANALYTICS:token,WG_PRIVATE_KEY_OCI_APPS:token,WG_PRIVATE_KEY_OCI_MAIL:token","OK","true"
"b_infra/home-manager/nixhm-sudo-gcp-t4/src/secrets.yaml","13","CLAUDE_WEBSERVER_PUB:other,GCP_COMPUTE_ENGINE:multi,GCP_COMPUTE_ENGINE_PUB:other,ID_ED25519:multi,MATOMO_SERVER_PUB:other,SURFACE_DEPLOY_PUB:other,SURFACE_NIXOS_PUB:other,VAULT_ID_RSA:multi,VAULT_ID_RSA_PUB:other,WG_PRIVATE_KEY_GCP_PROXY:token,WG_PRIVATE_KEY_OCI_ANALYTICS:token,WG_PRIVATE_KEY_OCI_APPS:token,WG_PRIVATE_KEY_OCI_MAIL:token","OK","true"
"b_infra/home-manager/nixhm-sudo-oci-analytics/src/secrets.yaml","13","CLAUDE_WEBSERVER_PUB:other,GCP_COMPUTE_ENGINE:multi,GCP_COMPUTE_ENGINE_PUB:other,ID_ED25519:multi,MATOMO_SERVER_PUB:other,SURFACE_DEPLOY_PUB:other,SURFACE_NIXOS_PUB:other,VAULT_ID_RSA:multi,VAULT_ID_RSA_PUB:other,WG_PRIVATE_KEY_GCP_PROXY:token,WG_PRIVATE_KEY_OCI_ANALYTICS:token,WG_PRIVATE_KEY_OCI_APPS:token,WG_PRIVATE_KEY_OCI_MAIL:token","OK","true"
"b_infra/home-manager/nixhm-sudo-oci-apps/src/secrets.yaml","13","CLAUDE_WEBSERVER_PUB:other,GCP_COMPUTE_ENGINE:multi,GCP_COMPUTE_ENGINE_PUB:other,ID_ED25519:multi,MATOMO_SERVER_PUB:other,SURFACE_DEPLOY_PUB:other,SURFACE_NIXOS_PUB:other,VAULT_ID_RSA:multi,VAULT_ID_RSA_PUB:other,WG_PRIVATE_KEY_GCP_PROXY:token,WG_PRIVATE_KEY_OCI_ANALYTICS:token,WG_PRIVATE_KEY_OCI_APPS:token,WG_PRIVATE_KEY_OCI_MAIL:token","OK","true"
"b_infra/home-manager/nixhm-sudo-oci-mail/src/secrets.yaml","13","CLAUDE_WEBSERVER_PUB:other,GCP_COMPUTE_ENGINE:multi,GCP_COMPUTE_ENGINE_PUB:other,ID_ED25519:multi,MATOMO_SERVER_PUB:other,SURFACE_DEPLOY_PUB:other,SURFACE_NIXOS_PUB:other,VAULT_ID_RSA:multi,VAULT_ID_RSA_PUB:other,WG_PRIVATE_KEY_GCP_PROXY:token,WG_PRIVATE_KEY_OCI_ANALYTICS:token,WG_PRIVATE_KEY_OCI_APPS:token,WG_PRIVATE_KEY_OCI_MAIL:token","OK","true"
"c_vps/ba-clo_cloudflare/src/secrets.yaml","1","cloudflare_api_key:token","OK","true"
"c_vps/vps_oci/src/secrets.yaml","2","compartment_ocid:token,tenancy_ocid:token","OK","true"
"c_vps/vps_resend/src/secrets.yaml","3","cloudflare_api_token:token,cloudflare_zone_id:token,resend_api_key:token","OK","true"
